<?xml version="1.0" encoding="UTF-8" standalone="yes"?>
<addon id="repository.kodi.spaniard1978" name="spaniard1978.Repo" version="1.0.1" provider-name="spaniard1978">
	<extension point="xbmc.addon.repository" name="spaniard1978 Repo">
		<info compressed="false">https://raw.githubusercontent.com/spaniard1978/spaniard1978/master/addons.xml</info>
		<checksum>https://raw.githubusercontent.com/spaniard1978/spaniard1978/master/addons.xml.md5</checksum>
		<datadir zip="true">https://raw.githubusercontent.com/spaniard1978/spaniard1978/master</datadir>
	</extension>
	<extension point="xbmc.addon.metadata">
		<summary>spaniard1978 Repository</summary>
   		<description lang="en">Install spaniard1978.com Addon</description>
   		<description lang="es">Instala el Addon spaniard1978.com</description>
		<disclaimer></disclaimer>
		<platform>all</platform>
	</extension>
</addon>