<?xml version="1.0" encoding="UTF-8" standalone="yes"?>
<addon id="plugin.video.helixstudios" version="1.0.7" name="Helixstudios" provider-name="spaniard1978">
<requires>
  <import addon="xbmc.python" version="2.24.0"/>
</requires>
<extension point="xbmc.python.pluginsource" library="main.py">
  <provides>video</provides>
</extension>
<extension point="xbmc.addon.metadata">
  <summary lang="en">Browse and download videos from helixstudios.net.</summary>
  <description lang="en">Browse and download videos from helixstudios.net using your premium acount. Adult +18 Addon: You must be +18 years old (or legal age in your country) to use this Addon. Change language under seettings tab into the addon.
	   </description>
  <disclaimer lang="en">Videos from www.helixstudios.net, only avaliable using your premium acount. Adult +18 Addon: You must be +18 years old (or legal age in your country) to use this Addon. Avaliable in English and Spanish</disclaimer>
   <email>spaniard1978@mixmail.com</email>
   <website>http://github.com/spaniard1978/helixstudios</website>
</extension>
<extension point="xbmc.addon.repository"  name="helixstudios addon repository">
    <info compressed="false">https://raw.githubusercontent.com/spaniard1978/adult-pay-sites/master/addons.xml</info>
	<checksum>https://raw.githubusercontent.com/spaniard1978/adult-pay-sites/master/addons.xml.md5</checksum>
	<datadir zip="true">https://raw.githubusercontent.com/spaniard1978/adult-pay-sites/master</datadir>
  </extension>
</addon>
