<?xml version="1.0" encoding="UTF-8" standalone="yes"?>
<addon id="repository.kodi.filesmonster" name="Filesmonster.Repo" version="1.0.0" provider-name="spaniard1978">
	<extension point="xbmc.addon.repository" name="Filesmonster Repo">
		<info compressed="false">https://raw.githubusercontent.com/spaniard1978/Filesmonster/master/addons.xml</info>
		<checksum>https://raw.githubusercontent.com/spaniard1978/Filesmonster/master/addons.xml.md5</checksum>
		<datadir zip="true">https://raw.githubusercontent.com/spaniard1978/Filesmonster/master</datadir>
	</extension>
	<extension point="xbmc.addon.metadata">
		<summary>Filesmonster Repository</summary>
   		<description lang="en">Install Filesmonster.com Addon</description>
   		<description lang="es">Instala el Addon Filesmonster.com</description>
		<disclaimer></disclaimer>
		<platform>all</platform>
	</extension>
</addon>